"'title'","'href'","'artist"'
"'Fais comme l'oiseau'","'/track/4r5GDJ5lREvWNK9mSP9nRN'","'Michel Fugain & Le Big Bazar"'
"'Attention Mesdames et Messieurs'","'/track/1v7ctPkzk1G3LXNhisLpvO'","'Michel Fugain & Le Big Bazar"'
"'Une belle histoire'","'/track/5oxKrYimzs8AZp8lkoar6V'","'Michel Fugain & Le Big Bazar"'
"'Il y a du soleil sur la France (Live)'","'/track/6b9Fy4K7zMFdhaVX8wMcgn'","'Stone & Charden"'
"'Made in Normandie (Live)'","'/track/5ev7Kaalqv9l2zAKrewJVH'","'Stone & Charden"'
"'L'avventura'","'/track/3pvldjUliQDsYkfsKWFjYI'","'Stone & Charden"'
"'The Boy Is Mine'","'/track/6sHsXIJoEN5JpdkGMQDJxt'","'Brandy"'
"'Je viens dîner ce soir'","'/track/6lwypcbkt0dUL5IZpaMTH7'","'Claude François"'
"'J'attendrai'","'/track/6yPVqp3Nt2mFzvdExaIWP9'","'Claude François"'
"'Le lundi au soleil'","'/track/47IaFTwoFbuMJd2sL1ZfMt'","'Claude François"'
"'Les moulins de mon cœur'","'/track/1hB5gOQQv3SihLzWw4Gv4c'","'Claude François"'
"'Alexandrie Alexandra'","'/track/0VLXNg5Eoq6uv9Yn1Tz8WE'","'Claude François"'
"'Belles belles belles'","'/track/1Q6j1dx7pXzuLZLAexFWuQ'","'Claude François"'
"'Même si tu revenais'","'/track/5Cx0tQSHJp1sy8ZvT0z6hy'","'Claude François"'
"'Chanson populaire (Ça s'en va et ça revient)'","'/track/6xuxkfM6waS1sCubmjJtCl'","'Claude François"'
"'Comme d'habitude'","'/track/11FBMKhiuYT4doKhC4p3i6'","'Claude François"'
"'Si j'avais un marteau'","'/track/3Dv66cTMtYtWNI6c0vxKjp'","'Claude François"'
"'She's A Lady'","'/track/5JnHzjo25FY1fMQMQVOawB'","'Tom Jones"'
"'Sexbomb'","'/track/7GHKA8GIMcND6c5nN1sFnD'","'Tom Jones"'
"'It's Not Unusual'","'/track/3TlIt0ReIxPsVZcOEivT5U'","'Tom Jones"'
"'Wherever You Will Go'","'/track/5QpaGzWp0hwB5faV8dkbAz'","'The Calling"'
"'Toute première fois'","'/track/4SHIlbYaTolnXdAFAcHGY7'","'Jeanne Mas"'
"'Johnny, Johnny'","'/track/1QdFzktmKiB9IK96EAQfl8'","'Jeanne Mas"'
"'Girl, You'll Be a Woman Soon'","'/track/1mSzuXVjjKC0bPh6iG6xjy'","'Urge Overkill"'
"'Love Of My Life - Remastered 2011'","'/track/4YJUTdZ0Pgl0ZeNyHYXeLd'","'Queen"'
"'Against the Wind'","'/track/3Q3R4fUAI7Lz1PEowFjK11'","'The Highwaymen"'
"'Hit the Road Jack'","'/track/5dUMh0ugelpKfoFp3qChuK'","'Ray Charles"'
"'Let The Music Play - Single Version'","'/track/75pBjCi8cxfkp4xd68uo6O'","'Barry White"'
"'Can't Get Enough Of Your Love, Babe'","'/track/3mWpUEBYnv9SIFWfixSJFx'","'Barry White"'
"'Copacabana (At the Copa)'","'/track/5FMXrphygZ4z3gVDHGWxgl'","'Barry Manilow"'
"'Never, Never Gonna Give Ya Up'","'/track/3pepZAOvUCBt3qWi9Ax6Aq'","'Barry White"'
"'Let's Stay Together'","'/track/63xdwScd1Ai1GigAwQxE8y'","'Al Green"'
"'My Girl'","'/track/745H5CctFr12Mo7cqa1BMH'","'The Temptations"'
"'For Once In My Life'","'/track/4kP69y3GKHi9tXckfgp4bK'","'Stevie Wonder"'
"'Spooky'","'/track/3MtP9T0WF4xbIo8vqHYeXM'","'Dusty Springfield"'
"'I Can't Go for That (No Can Do)'","'/track/41dDygR3r7e926oGUXfrLt'","'Daryl Hall & John Oates"'
"'Young Hearts Run Free'","'/track/3MFa9idQuY4iJLWsZl3tIQ'","'Candi Staton"'
"'Your Love Is King'","'/track/7erXAfnatmoUow8DnbseOY'","'Sade"'
"'Evil Woman'","'/track/6HYhjWxB0UK1VJNyi7M8ZC'","'Electric Light Orchestra"'
"'Ain't No Sunshine'","'/track/1k1Bqnv2R0uJXQN4u6LKYt'","'Bill Withers"'
"'I Heard It Through The Grapevine'","'/track/1tqT6DhmsrtQgyCKUwotiw'","'Marvin Gaye"'
"'Easy'","'/track/1JQ6Xm1JrvHfvAqhl5pwaA'","'Commodores"'
"'It's Too Late'","'/track/12q3V8ShACq2PSWINMc2rC'","'Carole King"'
"'Me and Mrs. Jones'","'/track/6Ro2z4RtAUew9Kz2HZWZUi'","'Billy Paul"'
"'(Sittin' On) the Dock of the Bay'","'/track/3zBhihYUHBmGd2bcQIobrF'","'Otis Redding"'
"'Midnight Train to Georgia'","'/track/7MF7QAodbGzNYav5ZfIhAY'","'Gladys Knight & The Pips"'
"'Deliver Your Children - Remastered 1993'","'/track/2xX5jloU4GKDbUhsM0YNku'","'Wings"'
"'With A Little Luck - Remastered 1993'","'/track/0wLpW3AwfNicWHef8joJLb'","'Wings"'
"'Children Children - Remastered 1993'","'/track/33r8WecwIDTYHEAsHlxMVZ'","'Wings"'
"'Listen To What The Man Said - 2014 Remaster'","'/track/0SkpjIqhANcC2QQu8DIuwG'","'Wings"'
"'Magneto And Titanium Man - Remastered 2014'","'/track/3KrepKtDyPoP8I1t7BpDSw'","'Wings"'
"'Venus And Mars - Remastered 2014'","'/track/1hVl3NtSqi6LXZ7pXxHPrC'","'Wings"'
"'Band On The Run'","'/track/0wqM8Flc5YaWwZoFBMz3zk'","'Paul McCartney"'
"'My Love'","'/track/7JwbbjiEiHaDD40aYssV0j'","'Wings"'
"'With A Little Luck'","'/track/4e7HJXoesmfRboLc3pYGTS'","'Wings"'
"'Live And Let Die'","'/track/6AbaUu4XtHu7pGkPE94Tat'","'Wings"'
"'Silly Love Songs'","'/track/4e6dQEZSQjUdAABxLHeQTV'","'Wings"'
"'I've Been Waiting for a Girl Like You'","'/track/1Yxl2MOB2bP28tuhaN2jHy'","'Lexington Lab Band"'
"'It Only Takes A Minute'","'/track/1MsGqB0znDhfwSGfJrUBkl'","'Tavares"'
"'More Than A Woman - Remastered'","'/track/4pHjt1Hs1ghsey8dHnViYX'","'Tavares"'
"'Heaven Must Be Missing An Angel - Pt. 1'","'/track/7qQzkUWsbvoTDbNpW3FHQu'","'Tavares"'
"'Mr. Bojangles - Single Version'","'/track/1DGaqkDcIYIBZSpW5vyoOL'","'Sammy Davis Jr."'
"'Both Sides Now'","'/track/3NW1YMA8kfNVTzGJCGBS8m'","'Joni Mitchell"'
"'Sing It Back (Boris Musical Mix) (Edit)'","'/track/7boZbYtecOzGLzqd1abzIs'","'Moloko"'
"'Good Times I'm In Love (feat. Adjäna) [Edit]'","'/track/2dDxpjKd5uAWIFXhwdfG4n'","'Cerrone"'
"'Baby Don't Hurt Me'","'/track/3BKD1PwArikchz2Zrlp1qi'","'David Guetta"'
"'What Is Love - 7"'"' Mix'","'/track/7JkZ2hQdDonRURJjlMuh8q'","'Haddaway"'
"'Night Birds (7” Version)'","'/track/3DFKG13oQXpdRh6ptZKnMN'","'Shakatak"'
"'MacArthur Park'","'/track/5DBEFajBEaHgbbwe7oN0KP'","'Richard Harris"'
"'Mac Arthur's Park'","'/track/4s4cmiPsIlRATra1tLkZf7'","'Innocence"'
"'The Look of Love'","'/track/0EiGzshQIaM98eOXdKTGaD'","'Nina Simone"'
"'La groupie du pianiste'","'/track/6wKjE3MUATWp50BP22ENR1'","'Michel Berger"'
"'Where Is The Love?'","'/track/0xmjwnQ3FNE6HuWCt2nHdZ'","'Black Eyed Peas"'
"'Meet Me Halfway'","'/track/3F9ByoUqu31xU0I3G5xfVg'","'Black Eyed Peas"'
"'I Gotta Feeling'","'/track/4kLLWz7srcuLKA7Et40PQR'","'Black Eyed Peas"'
"'Papaoutai - Club Extended Version'","'/track/1tSACFMObQl1ttTmt9Nqoa'","'Ron Page"'
"'Papa Was A Rollin' Stone - Single Version'","'/track/7MiLmLbwNoyf47xQ4TCVYp'","'The Temptations"'
"'Papa'","'/track/6ZcnVeu1y6CBSaBg2Kb3bt'","'Paul Anka"'
"'Papa'","'/track/6Dkb4sANTPgy9F2lRcDzH3'","'Bigflo & Oli"'
"'Papa Don't Preach'","'/track/6A8OnjnpShshNpcqWtZRjr'","'Madonna"'
"'Daddy Cool'","'/track/3WMbD1OyfKuwWDWMNbPQ4g'","'Boney M."'
"'Je pars - Le vol de nuit s'en va'","'/track/6WcBrjcu1h4u6Se4YF7X1A'","'Nicolas Peyrac"'
"'Je pars'","'/track/1cK706NO4aPgzM0WjgBdvU'","'Gaël Faye"'
"'Suicide Is Painless'","'/track/6fVAG0GceRlhCyBZaKzQJE'","'The Mash"'
"'Hold Me Closer'","'/track/72yP0DUlWPyH8P7IoxskwN'","'Elton John"'
"'Believe'","'/track/2goLsvvODILDzeeiT4dAoR'","'Cher"'
"'It's My Life'","'/track/4TOGkYS141L15SkVosAp7Z'","'Dr. Alban"'
"'It's My Life'","'/track/0v1XpBHnsbkCn7iJ9Ucr1l'","'Bon Jovi"'
"'Who Can It Be Now?'","'/track/5rfJ2Bq2PEL8yBjZLzouEu'","'Men At Work"'
"'Killing Me Softly With His Song'","'/track/0Q4DIyz2G3VobOzTO5KI4g'","'Yuliet Topaz"'
"'Killing Me Softly With His Song - Live'","'/track/6gorlptfuzR3cGFVCQMfJm'","'Jessie J"'
"'Everybody Wants To Rule The World'","'/track/4RvWPyQ5RL0ao9LPZeSouE'","'Tears For Fears"'
"'Cold Heart - Acoustic'","'/track/0k6LV1ohcK2hlNPwu1nVw9'","'Elton John"'
"'Take The Long Way Home - 2010 Remastered'","'/track/0v0XYK0pLgsPiq5u4FKHaw'","'Supertramp"'
"'Show Me The Way'","'/track/6BD1X1PeV5UzYUdiVaD2yL'","'Peter Frampton"'
"'Space Oddity'","'/track/4AfvEr6sGTl9tT2taXpy8K'","'-M-"'
"'Life on Mars - Live'","'/track/1Nbzx5TSEVTLmujgfwsbQR'","'-M-"'
"'À toi'","'/track/4vyLHP36kMCHJ3tY8CTBcL'","'-M-"'
"'Back To Black'","'/track/3FAclTFfvUuQYnEsptbK8w'","'Amy Winehouse"'
"'Freed from Desire (Edit Mix) - prod. Molella, Phil Jay'","'/track/5R3uLBMR36RGTYdeYPwt8M'","'Gala"'
"'Murder On The Dancefloor'","'/track/4tKGFmENO69tZR9ahgZu48'","'Sophie Ellis-Bextor"'
"'The Sound of Silence - CYRIL Remix'","'/track/1LY3GhF0zxIVgbYEQjCbUO'","'Disturbed"'
"'Heaven'","'/track/01iYmkiwWzpDTxgoBHKqEy'","'Sound Of Legend"'
"'How Bizarre'","'/track/46q5BtHso0ECuTKeq70ZhW'","'OMC"'
"'Move'","'/track/1BJJbSX6muJVF2AK7uH1x4'","'Adam Port"'
"'I Say A Little Prayer For You'","'/track/5pfmDc0CyXsEYZ9KE3XYJ7'","'Natalie Cole"'
"'I Say A Little Prayer - Club Mix'","'/track/4tKToqEaGDxtUN9Clmide5'","'David Michael Johnson"'
"'I Say a Little Prayer - 2013 Remaster'","'/track/24tftHJX1r74L5xeUxW1OJ'","'Dionne Warwick"'
"'I Say A Little Prayer (with Pharrell Williams)'","'/track/0OXzyIutbMk24FfWmZqrzw'","'Tori Kelly"'
"'I Say a Little Prayer'","'/track/3NfxSdJnVdon1axzloJgba'","'Aretha Franklin"'
"'Upholstery'","'/track/7EhMfsMTGPdgqij7h16dI6'","'The BeachBums"'
"'Old Souls'","'/track/3P51uW8kiOp4P6iYLpkSfu'","'Jessica Harper"'
"'Goodbye Eddie, Goodbye'","'/track/6IhxuKaUTUOPCgauVAfTNc'","'Archie Hahn"'
"'Special To Me (Phoenix Audition Song)'","'/track/039UugyWeEKexZSjp7PMFe'","'Jessica Harper"'
"'Faust'","'/track/0aDgMDAKyqBbg5RIXCF8LQ'","'Paul Williams"'
"'Somewhere I Belong'","'/track/3fjmSxt0PskST13CSdBUFx'","'Linkin Park"'
"'Faint'","'/track/4Yf5bqU3NK4kNOypcrLYwU'","'Linkin Park"'
"'In the End'","'/track/60a0Rd6pjrkxjPbaKzXjfq'","'Linkin Park"'
"'Californication'","'/track/48UPSzbZjgc449aqz8bxox'","'Red Hot Chili Peppers"'
"'Mambo No. 5'","'/track/6ETDKLlSUvJbrc1Fyh9nv4'","'Pérez Prado"'
"'Something I Could Never Be'","'/track/37DKWo5AEnZYqvdGerYkRp'","'Tony Ann"'
"'Ya Rayah'","'/track/3UufCZV7lJJfB3Gn3Iegqm'","'Flo Dosh"'
"'Ya Rayeh Wain Msafer'","'/track/6380AhNRizHzadX0LIqynz'","'Omar Hamdan"'
"'Ya Rayah'","'/track/7ogJ1jO41fzk8iwlyxNZoK'","'Rachid Taha"'
"'Facile à danser'","'/track/2LCUvL8ZJ49z6uP1cGXSFi'","'Soprano"'
"'This Will Be (An Everlasting Love)'","'/track/0PDCewmZCp0P5s00bptcdd'","'Natalie Cole"'
"'Femme Like U'","'/track/4iVnfuAmwJNAGsiHz8Po6Y'","'K.Maro"'
"'Vaporous'","'/track/4JDCehi2qnkGoyHyuMaBFf'","'Elsiane"'
"'Nothing At All'","'/track/46Ss1vrN0Je08rE3oxtFPB'","'Rob Dougan"'
"'Mechanics of Emotion'","'/track/01bWo89DUhbDlbczZBgB35'","'Elsiane"'
"'In the Shadows'","'/track/6WRJ8fEAi03rbGRFIorfc6'","'Elsiane"'
"'These Streets'","'/track/28esDV44p70LGwdPKxGZZ1'","'Paolo Nutini"'
"'Last Request'","'/track/6xM8oBy40nK1rOd8WmoOPx'","'Paolo Nutini"'
"'Céline'","'/track/6IgZ9zDxJ6H0IUQ6HKBa8A'","'Hugues Aufray"'
"'La javanaise'","'/track/7cUKT1Wiwve4E5iRFOLVmz'","'Serge Gainsbourg"'
"'Cannonball'","'/track/0knqVSsgD7C8yu5yNmQFbA'","'Damien Rice"'
"'The Blower's Daughter'","'/track/4B2lJinAkeNLSJjcq3dg8Q'","'Damien Rice"'
"'Staying Alive'","'/track/3s5dXFe9vDNVhLg332B0Yy'","'Electro Deluxe"'
"'Bones'","'/track/0HqZX76SFLDz2aW8aiqi7G'","'Imagine Dragons"'
"'Nouveau western'","'/track/229qdMCBoifrNO40j8wmQb'","'MC Solaar"'
"'Mine'","'/track/67Io3gxHwfbUreBf114c0u'","'Taylor Swift"'
"'Love Story'","'/track/1D4PL9B8gOg78jiHg3FvBb'","'Taylor Swift"'
"'Losing My Religion'","'/track/7tIXyFkZc4p3GTx5YQMbJl'","'Lacuna Coil"'
"'You've Got a Friend - 2019 Remaster'","'/track/6zV8IpLvw0tkRSVCFQJB1y'","'James Taylor"'
"'Casanova'","'/track/0qZhK4gFB5c1Wxsnd6WA8U'","'Soolking"'
"'Millennium'","'/track/1nrackcWUBo87xecPgry2G'","'Robbie Williams"'
"'The Road To Mandalay'","'/track/5iWa27IZ9UyXm0TJTod0y5'","'Robbie Williams"'
"'Elle est d'ailleurs'","'/track/0sAqlTbFfes35yuLpmIHT1'","'Pierre Bachelet"'
"'Chocolat (feat. Awa Imani)'","'/track/4fwtP5khM1iEoa6BP1QQsX'","'Lartiste"'
"'Ils dansent'","'/track/132XTf7OosXc2jRHk1RuFL'","'MC Solaar"'
"'Maneater (Piano-Vocal Version) [From "'"'No Hard Feelings"'"']'","'/track/77h39T18yvJPvzzK7Q0KoL'","'Geek Music"'
"'Je t’aime de ouf'","'/track/76X9R88fhwR1lTXfqdqRKZ'","'Wejdene"'
"'Coco'","'/track/5IMNuXISFASPzHdfTLK1gq'","'Wejdene"'
"'Bande organisée'","'/track/205HNJ73cgpC0LAOnuQiWT'","'Kofs"'
"'(What A) Wonderful World - Mono'","'/track/2G0GextMwZJLkNxcSZ7ZJ3'","'Sam Cooke"'
"'Les vacances au bord de la mer'","'/track/43bbZeCutljKEJgD19Qx5W'","'Michel Jonasz"'
"'Funkytown - Single Version'","'/track/0B5kY9i9bmP7554oU4jRoO'","'Lipps Inc."'
"'Heart of Gold - live'","'/track/7rnc1D0Rxv5BZ5l9vEPPT3'","'Crosby, Stills, Nash & Young"'
"'Hey Jude'","'/track/2ySo88kklnq9WHsFxOHEkm'","'Wilson Pickett"'
"'Day O (Banana Boat Song)'","'/track/4wK8K25xciRfVbOQXPKQIf'","'Harry Belafonte"'
"'Call Me'","'/track/4qO03RMQm88DdpTJcxlglY'","'Blondie"'
"'La lettre'","'/track/2qaFgVtoMyWAb53M1UcCjj'","'Renan Luce"'
"'Un enfant de toi'","'/track/27vx6k0f8PbuXgBepw8BNT'","'Phil Barney"'
"'We Have All The Time In The World'","'/track/1anz62AFifDUybo17nqCdj'","'Amalia Gre'"'
"'We Have All The Time In The World - From “On Her Majesty’s Secret Service” Soundtrack / Remastered 2003'","'/track/0OAnoLrIVxpdne3mkVLrwr'","'Louis Armstrong"'
"'On Her Majestys Secret Service (From "'"'On Her Majestys Secret Service"'"')'","'/track/4f2CoeOrvSkshgOeItcbuu'","'007 Collective"'
"'Feeling Good'","'/track/6Rqn2GFlmvmV4w9Ala0I1e'","'Nina Simone"'
"'Toi + Moi'","'/track/1cl6UxttwMTjJXsdyMDUde'","'Grégoire"'
"'Caroline'","'/track/7esR7jO5Fyl78B6CwwhZJy'","'MC Solaar"'
"'No Ordinary Love - 2005 Remaster'","'/track/3dxW4bDfwEf9czzg0yh8eb'","'Deftones"'
"'Creep'","'/track/70LcF31zb1H0PyJoS1Sx1r'","'Radiohead"'
"'Spooky (From "'"'Lock, Stock and Two Smoking Barrels"'"')'","'/track/3eS6UWrA3tCMBOTlvfL3zw'","'Countdown Singers"'
"'Mustang Sally'","'/track/1XlCCgKKrQQfXaDyv4GrZe'","'The Commitments"'
"'Save Tonight'","'/track/2hdhm6piUJnmKXmEmskXCg'","'Eagle-Eye Cherry"'
"'Mmm Mmm Mmm Mmm'","'/track/76nvqWPFucUra1xCkN1tnD'","'Crash Test Dummies"'
"'Bitter Sweet Symphony'","'/track/5yEPxDjbbzUzyauGtnmVEC'","'The Verve"'
"'You Get What You Give'","'/track/32lF1rsInDTdK6Av3KdfaY'","'New Radicals"'
"'Dreams'","'/track/4rV3AYCf4BBBCkIpyLPwUP'","'GABRIELLE"'
"'Mr. Jones'","'/track/7n3REqDfZBpkd0bEpGu2H3'","'Counting Crows"'
"'Truly Madly Deeply'","'/track/41Za52zU5QKSgVg0CxWO68'","'Savage Garden"'
"'Torn'","'/track/1Jaah2tmN9Hv81A87KZ1MU'","'Natalie Imbruglia"'
"'Lovesong - Remastered'","'/track/1y6XHeNN5DSX5PYy7gT0qL'","'The Cure"'
"'Eternal Flame'","'/track/5J1TCBAWhDZ272GLJmxoDY'","'The Bangles"'
"'Ain't Nobody'","'/track/2NVpYQqdraEcQwqT7GhUkh'","'Chaka Khan"'
"'Wicked Game'","'/track/57MbOuT7s2ES3IW9KuZQzI'","'Chris Isaak"'
"'(I Just) Died In Your Arms'","'/track/4ByEFOBuLXpCqvO1kw8Wdm'","'Cutting Crew"'
"'Forever Young'","'/track/4S1VYqwfkLit9mKVY3MXoo'","'Alphaville"'
"'Do You Really Want To Hurt Me'","'/track/1I6q6nwNjNgik1Qe8Oi0Y7'","'Culture Club"'
"'Baby Can I Hold You'","'/track/2DjWsDGgL1xNbhnr7f6t5F'","'Tracy Chapman"'
"'Every Breath You Take'","'/track/2PnNomkEqlg9ADKCVG0Wt0'","'The Police"'
"'Don't You (Forget About Me) - Remastered'","'/track/0A4PZuepTcIQVvA5m7R0M1'","'Simple Minds"'
"'All Out of Love'","'/track/2lmcH6prYo3BlR8LfRUJc3'","'Air Supply"'
"'Heroes - Single Version; 2002 Remaster'","'/track/6PUeRHhaxl66nRbY9dPuOP'","'David Bowie"'
"'OWN MY MIND'","'/track/71tM20RVoYqUUs9EDOso2v'","'Måneskin"'
"'LA PAURA DEL BUIO'","'/track/2l7V3AuTxGuswKjGovaSEv'","'Måneskin"'
"'Changes'","'/track/0t7ahpke8UKi61ikrSh5sd'","'Kungs"'
"'Why Can't We Live Together - Live'","'/track/12VQHZdh6FABdKN5VqeQoS'","'Steve Winwood"'
"'The Joker'","'/track/1bp2IO61zbQrbWNmKKxg3f'","'Steve Miller Band"'
"'Stairway to Heaven - Remaster'","'/track/5CQ30WqJwcep0pYcV4AMNc'","'Led Zeppelin"'
"'Soldier Of Fortune - 2009 Digital Remaster'","'/track/60ifqqPhbselSwXyGrGyMK'","'Deep Purple"'
"'Child in Time - 1995 Remaster'","'/track/573Z2Dty5epeNgKsgoDOlr'","'Deep Purple"'
"'Riders on the Storm'","'/track/14XWXWv5FoCbFzLksawpEe'","'The Doors"'
"'Creepin' (with The Weeknd & 21 Savage)'","'/track/2dHHgzDwk4BJdRwy9uXhTO'","'Metro Boomin"'
"'Aimons-Nous Vivants'","'/track/5wwcuzze9fCy8rgVd1Sb9t'","'François Valéry"'
"'Rapper's Delight'","'/track/4IUVLtJEf5k9PIXXTlZy9L'","'The Sugarhill Gang"'
"'World Hold On - FISHER Rework'","'/track/2YDOjCfkGciEXxSutB6LJR'","'Bob Sinclar"'
"'Si j'étais président'","'/track/00YGCgT3I93nmiipWK0zMw'","'Gérard Lenorman"'
"'Les Rois mages - Remasterisé en 2006'","'/track/2gQY3fCinSN1BE0qiUdXzV'","'Sheila"'
"'Non non rien n'a changé'","'/track/7u9bfApmiQRilzwK2RWUoM'","'Les Poppys"'
"'Everybody's Talkin''","'/track/3c8JemHol1XwFFruXQxjCO'","'Harry Nilsson"'
"'Un Rayo De Sol'","'/track/0bi1fp0S8YDaTGajzrBvRQ'","'Los Diablos"'
"'Charlie, t'iras pas au paradis'","'/track/4bRoQNlvaidDw6VXMPfvtl'","'Gilbert Bécaud"'
"'Venus'","'/track/0Z3xhSOhrawLV81YdiDiiJ'","'Shocking Blue"'
"'Lady D'Arbanville'","'/track/4R6uNlgPV9UZhgLLF578oD'","'Yusuf / Cat Stevens"'
"'Yellow River'","'/track/4VnzKUBMB6cvog8Jvv1few'","'Christie"'
"'In the Summertime (Re-Recorded)'","'/track/6fOXeZLwVZ1J48d3xz6JnY'","'Mungo Jerry"'
"'Na Na Hey Hey Kiss Him Goodbye'","'/track/6MaltbKpZVxlP0FQzpWeS6'","'Steam"'
"'Let It Be - Remastered'","'/track/5V1AHQugSTASVez5ffJtFo'","'The Beatles"'
"'Walk Of Life'","'/track/4tyl9OMKMG8F2L0RUYQMH3'","'Dire Straits"'
"'You Can Call Me Al'","'/track/0qxYx4F3vm1AOnfux6dDxP'","'Paul Simon"'
"'Jump - 2015 Remaster'","'/track/7N3PAbqfTjSEU1edb2tY8j'","'Van Halen"'
"'Everywhere'","'/track/6i8ecOsx4J2Px1maiqzqoG'","'Fleetwood Mac"'
"'Down Under'","'/track/46RVKt5Edm1zl0rXhPJZxz'","'Men At Work"'
"'Africa'","'/track/2374M0fQpWi3dLnB54qaLX'","'TOTO"'
"'Maniac'","'/track/1xPSDf8z4dH46gkvlLtvDO'","'Michael Sembello"'
"'Dans Ma Rue'","'/track/5xqZSxQXu2s2T7ax1TX5xq'","'Philippe Swan"'
"'Eve lève-toi'","'/track/3MPmRgJHfD7CADCibQfNgG'","'Julie Pietri"'
"'Le jerk'","'/track/6zW9AITRbwNwvSt293g2z8'","'Thierry Hazard"'
"'Cœur de loup'","'/track/3lwX10MDUwGfSzuwIfQAln'","'Philippe Lafontaine"'
"'Chacun fait (c'qui lui plait)'","'/track/5TpIQ1tVlPnm4SHObswUU6'","'Chagrin D'amour"'
"'Elle Danse Marie'","'/track/2DtKcZQenaSdNd48Pq1pwT'","'François Valéry"'
"'Dance Monkey'","'/track/2XU0oxnq2qxCpomAAuJY8K'","'Tones And I"'
"'Boule de flipper'","'/track/0Mysw4Rzf33PbpEfccKEBB'","'Corynne CHARBY"'
"'Les divas du dancing'","'/track/5oKu1Ey6XNDXv5B3LG7kn9'","'Philippe Cataldo"'
"'Rocket Man (Originally Performed By Kate Bush) [Full Vocal Version]'","'/track/7rvg6HmyVXDKMAElUemWB0'","'Paris Music"'
"'Babooshka'","'/track/53Mz9H5UvWMQUXHZnaZYKQ'","'Kate Bush"'
"'Le Dernier Jour du Disco'","'/track/2Yu8DEe4uc8ApN7t7q0P4s'","'Juliette Armanet"'
"'Rather Be Alone'","'/track/1hUV7Uu4pYQZaaXLjEIIYn'","'Shane Codd"'
"'Waves - Robin Schulz Radio Edit'","'/track/1HFfMOxCAT4GAwaPfCdmUs'","'Mr. Probz"'
"'Sugar (feat. Francesco Yates)'","'/track/5tf1VVWniHgryyumXyJM7w'","'Robin Schulz"'
"'Prayer in C - Robin Schulz Radio Edit'","'/track/5fnA9mkIfScSqHIpeDyvck'","'Lilly Wood and The Prick"'
"'I'll Be Missing You (feat. Faith Evans, 112)'","'/track/3QHONiXGMGU3z68mQInncF'","'Diddy"'
"'La nuit je mens'","'/track/00wTuikg37dKAk5rhQgSFE'","'Alain Bashung"'
"'Cette année-là'","'/track/23ITHe1yTMZyDEq323xClf'","'Claude François"'
"'L'Aziza'","'/track/1uFWyT4KLFXisiVkiBPCTb'","'Daniel Balavoine"'
"'Alive and Kicking'","'/track/7zw24AUEHQxfDvMuajuNhe'","'Simple Minds"'
"'Comme un boomerang'","'/track/5RRqqGQPd10kj13zUZ8BMO'","'Étienne Daho"'
"'Rhythm of the Rain'","'/track/7GHf8dQ2wA71wYOuRsQCZP'","'The Cascades"'
"'Crazy in Love'","'/track/6m0qBDIhzICOwWMPZdgyVK'","'Daniela Andrade"'
"'Crazy in Love'","'/track/7jOvEsDIjHRH0LwCkwZSHS'","'Sofia Karlberg"'
"'Crazy In Love (feat. Jay-Z)'","'/track/5IVuqXILoxVWvWEPm82Jxr'","'Beyoncé"'
"'I'm Good (Blue)'","'/track/4uUG5RXrOk84mYEfFvj3cK'","'David Guetta"'
"'Facile'","'/track/5DPmVIialQzVljzeuBksmM'","'Camélia Jordana"'
"'Le blues du businessman - Remastered'","'/track/7xuv8xakMFJWNiZo0QrekL'","'Claude Dubois"'
"'Remember Me'","'/track/5igLjsd3WmtxBk0h04sadG'","'Alyssa & Gia"'
"'Remember Me - Original Mix'","'/track/0nhu2tp9FXwTu8kUDvS0xO'","'Blue Boy"'
"'Noboody Has to Know'","'/track/3Xgpib7uFnh048uvcZDk3P'","'Spain"'
"'Living Next Door to Alice'","'/track/57TaM8GozkJBz90xvQ1xME'","'Smokie"'
"'Parce que c'est toi'","'/track/2GSdDPQZPIoy0nPSzY7iXr'","'Axelle Red"'
"'Sensualité'","'/track/6ri4yWOtcfGpTcigL2YeBe'","'Axelle Red"'
"'Locked out of Heaven'","'/track/3w3y8KPTfNeOKPiqUTakBh'","'Bruno Mars"'
"'Combien de temps'","'/track/60sIIEFcvCkX0oAzp1bKoX'","'Stephan Eicher"'
"'Maldòn - Version originale'","'/track/6YoBe1FqFL5w10bQbemW16'","'Zouk Machine"'
"'Ils sont fous ces humains !'","'/track/6C7mfquUXYvn6Oc0E5wsPN'","'-M-"'
"'La Jument De Michao'","'/track/7D2Lw7ZMCacUcP1xixxynx'","'Tri Yann"'
"'Santiano'","'/track/5xacwJHf9yLJKCn5JjSiRz'","'Hugues Aufray"'
"'Dès que le vent soufflera'","'/track/66oUD4UVvC2DsPaKzw8sJy'","'Renaud"'
"'Just the Two of Us'","'/track/1azUNAvAW12SMACOUzMgZz'","'Yann Muller"'
"'#5 All the shit that I've done'","'/track/6GKmcysr4qCXl81xQyXEe7'","'Big Bad Pinto"'
"'Complicated'","'/track/5xEM5hIgJ1jjgcEBfpkt2F'","'Avril Lavigne"'
"'Should I Stay or Should I Go - Remastered'","'/track/39shmbIHICJ2Wxnk1fPSdz'","'The Clash"'
"'One Way Or Another'","'/track/59CLe8stbcx4XYBWdsfbwK'","'Blondie"'
"'Antisocial'","'/track/1jO4l4FhDK46ccYxBlSf4h'","'TRUST"'
"'All Night Long (All Night)'","'/track/1DxT6f6mH7kLriOUWbujup'","'Lionel Richie"'
"'Walk Of Life - Remastered 1996'","'/track/5Hk4Mpex0s2ndUpDQ5v2rU'","'Dire Straits"'
"'You Can't Hurry Love'","'/track/1OppEieGNdItZbE14gLBEv'","'The Supremes"'
"'Respect'","'/track/7s25THrKz86DM225dOYwnr'","'Aretha Franklin"'
"'Crocodile Rock'","'/track/6WCeFNVAXUtNczb7lqLiZU'","'Elton John"'
"'Mamma Mia'","'/track/2TxCwUlqaOH3TIyJqGgR91'","'ABBA"'
"'Boogie Wonderland'","'/track/6ztstiyZL6FXzh4aG46ZPD'","'Earth, Wind & Fire"'
"'Tainted Love'","'/track/0cGG2EouYCEEC3xfa0tDFV'","'Soft Cell"'
"'Superstition'","'/track/4N0TP4Rmj6QQezWV88ARNJ'","'Stevie Wonder"'
"'Love Is In The Air'","'/track/3c4OULLWwgRqBfA2dJtRuY'","'John Paul Young"'
"'Don't Go Breaking My Heart'","'/track/7HW5WIw7ZgZORCzUxv5gW5'","'Elton John"'
"'Running Up That Hill (A Deal With God)'","'/track/1PtQJZVZIdWIYdARpZRDFO'","'Kate Bush"'
"'Castle In The Snow'","'/track/6nRT4R0vtYzMoTMBWvVK7a'","'Kadebostany"'
"'Castle In The Snow'","'/track/2e1WR9PYEAyuu9k5hNHHI1'","'The Avener"'
"'I Miss Your Love'","'/track/6NiWHUh39Q9MHXjfo6UIPr'","'TheKeut & Co"'
"'Miss Your Love'","'/track/6bEC6XJJmZQFh42HDBV8SU'","'John Butler Trio"'
"'miss your love'","'/track/6SVIWx2m4xcjthjdvHmWKq'","'Seth Shimp"'
"'Writing'","'/track/2AX5FxOBx0h50RdpnsddHh'","'Elton John"'
"'Evergreen (Love Theme from, "'"'A Star Is Born"'"') - Reprise'","'/track/32rdAqNi1F8XcZm6sZSFYk'","'Barbra Streisand"'
"'Watch Closely Now'","'/track/0ffiZMtdzQcF9EbqgCyVoa'","'Barbra Streisand"'
"'Send in the Clowns'","'/track/7tlvuoydFHFO12oZl5buh0'","'Barbra Streisand"'
"'The First Time Ever I Saw Your Face'","'/track/0SxFyA4FqmEQqZVuAlg8lf'","'Roberta Flack"'
"'I (Who Have Nothing) - The Voice Performance'","'/track/1CUNaDHNFwWDhjpbQPe1os'","'Simone Gundy"'
"'Touch Me In The Morning'","'/track/4sIkDCqNjTubfb5UVs8lEA'","'Diana Ross"'
"'Three Times A Lady'","'/track/2uTGX4wxnRGS3i0FSOMGCQ'","'Commodores"'
"'Everything I Own'","'/track/52VIdyKqp1pJRSyUQaxKUA'","'Bread"'
"'I Honestly Love You'","'/track/2iTpAjIM15wHKpV36xKG1e'","'Olivia Newton-John"'
"'The Way We Were'","'/track/1vZTgn4JXWMahR8r99ug5H'","'Barbra Streisand"'
"'Evergreen (Love Theme from "'"'A Star Is Born"'"')'","'/track/2IcqY68BxP1ONPi3ME6aje'","'Barbra Streisand"'
"'Blue Balloon - The Hourglass Song'","'/track/41GleBPUjLdYCN4YlAb5hx'","'Sam Hui"'
"'The King Of Rock ‘n’ Roll'","'/track/4TDGWcldyDOwhfCpLwQtdm'","'Cashman & West"'
"'Follow The Man With The Music'","'/track/0PRh2LZBdvbTwO1LwPZvbK'","'Cashman & West"'
"'Is It Raining In New York City?'","'/track/4c3yigzb2ckQ3xzAntqhQ8'","'Cashman & West"'
"'Time-traveler'","'/track/5gC6jeLYIjlXp2caqXSW9b'","'Cashman & West"'
"'Only A Woman Like You'","'/track/3ABW60533l0nYosZdBbiWF'","'Cashman & West"'
"'Songman'","'/track/2hsC9lj7ZtXUEn74bxBEAj'","'Cashman & West"'
"'Morning Has Broken - Remastered 2021'","'/track/5y8d8RHvxb0KiTa9Nq0xWp'","'Yusuf / Cat Stevens"'
"'The First Cut Is The Deepest - Stereo Version'","'/track/44NEZGVj6bElfwpLb1LBVx'","'Yusuf / Cat Stevens"'
"'The Wind - Remastered 2021'","'/track/0wEo4mwfs6tXYgCem9m9wP'","'Yusuf / Cat Stevens"'
"'Wild World'","'/track/7mjSHL2Eb0kAwiKbvNNyD9'","'Yusuf / Cat Stevens"'
"'Rubylove - Remastered 2021'","'/track/2ESS2HlvT5R2Q0pa03qf4t'","'Yusuf / Cat Stevens"'
"'(Remember the Days of The) Old Schoolyard'","'/track/1a2fmmAAlGGxiUTDLM3ghL'","'Yusuf / Cat Stevens"'
"'Here Comes the Sun - Acoustic'","'/track/41cpdd5Hvy577Ta7HV8FuV'","'Yusuf / Cat Stevens"'
"'Moonshadow - Remastered 2021'","'/track/5p3nvmoaAY03qGmBQApn0w'","'Yusuf / Cat Stevens"'
"'Oh Very Young'","'/track/7eiNxeOC8dvYAJWgTOu6xn'","'Yusuf / Cat Stevens"'
"'Peace Train - Remastered 2021'","'/track/4d0d2llNcQIHmaCgYTrODQ'","'Yusuf / Cat Stevens"'
"'Father And Son'","'/track/476V2d6iA2tWXgQboKmTtA'","'Yusuf / Cat Stevens"'
"'Sad Lisa'","'/track/52FZW6u4BM9e1Kh4bewek3'","'Yusuf / Cat Stevens"'
"'Where Do The Children Play?'","'/track/7kTmndsuOxGut8Oy85Mn62'","'Yusuf / Cat Stevens"'
"'Frère Jacques - Les plus belles comptines d'Okoo'","'/track/6P0z0GS4AbZAbbqg7IELZi'","'Christophe Willem"'
"'Hallelujah'","'/track/7yzbimr8WVyAtBX3Eg6UL9'","'Leonard Cohen"'
"'Suzanne'","'/track/2L93TdW2GMue1H2zlkt30F'","'Leonard Cohen"'
"'Lift Me Up - From Black Panther: Wakanda Forever - Music From and Inspired By'","'/track/35ovElsgyAtQwYPYnZJECg'","'Rihanna"'
"'Nous Deux'","'/track/2gwZ6ZmwlmNQyRgnP8hpO8'","'RIDSA"'
"'Outro Lugar - Bob Sinclar Remix'","'/track/0BO1Kv7El4FvehtwB9a4N8'","'Salomé de Bahia"'
"'Magnolias for Ever - MonsieurWilly & Sami Dee’s NYC Reprise Remix'","'/track/1Sl1TmPYOpDwAxh0Zs0ZUl'","'Claude François"'
"'She Works Hard For The Money - Club Mix'","'/track/2bEVBGVHmp6p2PUyRy9U20'","'Donna Summer"'
"'Beautiful Day - Songs Of Surrender'","'/track/62yAXWdlmF1GOQkNjV3eDo'","'U2"'
"'Finir vieux'","'/track/1nBfbkRl9qGijdKLtdhMag'","'Pas Sages"'
"'Creepin' (feat. 21 Savage) - Remix'","'/track/5Ee4IyhPaOVRMc15fUOeG9'","'Metro Boomin"'
"'Wonderful Life'","'/track/0cqLFzFYsQurUI3McUZkLg'","'Katie Melua"'
"'What a Wonderful World (with Eva Cassidy)'","'/track/49GsE7zUrjEea5QXfP4NWS'","'Katie Melua"'
"'Nine Million Bicycles'","'/track/4vXQAKmmyi90fbZY3JZKLm'","'Katie Melua"'
"'Precious'","'/track/1cBxAm8a0fENn2ix3Dfm3u'","'Depeche Mode"'
"'Kleenex'","'/track/2UToegl7AOOC0qflCqGcBH'","'Johnny Jane"'
"'Normal'","'/track/6vEBjNnWYadgKeihTMs2Nb'","'Johnny Jane"'
"'Mon pays est tombé'","'/track/5d92EtviNMdQBVrBklo2LW'","'Mickey 3d"'
"'Je me souviens'","'/track/54ID7wrfD3QtSnt2yhyuii'","'Mickey 3d"'
"'Si jamais'","'/track/1GwsoOxMQfhkxAmEKor8dT'","'Marie-Flore"'
"'Mieux en mieux'","'/track/1nKCL4fNYgKQUvuM6Srd3u'","'Marie-Flore"'
"'Get the Party Started'","'/track/4LrCm97lTZdExFDOFNvvv4'","'Stella Starlight Trio"'
"'Get the Party Started'","'/track/02jcEwywffn3Tsb48fXmlW'","'P!nk"'
"'Tu me connais moi'","'/track/4mKerf0cL7zcEsTGMtONL4'","'Jul"'
"'La street'","'/track/29n9av2AJlYDHtqfuv0X04'","'Jul"'
"'Douce France'","'/track/5ySimsI2tIgp9MxeuTO9aX'","'Dream C"'
"'Douce France'","'/track/4LATmdLm6VtLmhIMfsdeRT'","'Carte De Sejour"'
"'Crazy'","'/track/1vxw6aYJls2oq3gW0DujAo'","'Gnarls Barkley"'
"'Emotional Rescue - 2 Many Beats Remix'","'/track/3Pm0H46RGUeOE4IuzbePty'","'Freedom Dub"'
"'Bambino'","'/track/4EDlZc7p6aOCuymmnQa5OJ'","'Jean Dujardin"'
"'Some Kind Of Kiss'","'/track/2xsRIYRAC0mXttKR4sZscl'","'Sound Of Legend"'
"'Honky Cat - Live At The Royal Festival Hall, London, UK / 1972'","'/track/5jJtVlOX4BHynkBDCZQtmT'","'Elton John"'
"'Freedom! '90'","'/track/1SKApv6ZfJ9bkUxeRObJEF'","'George Michael"'
"'Freed From Desire - prod. Molella, Phil Jay'","'/track/3u5N55tHf7hXATSQrjBh2q'","'Gala"'
"'This Is What You Came For'","'/track/0azC730Exh71aQlOt9Zj3y'","'Calvin Harris"'
"'We Found Love'","'/track/0U10zFw4GlBacOy9VDGfGL'","'Rihanna"'
"'Ride Like The Wind - Radio Editing'","'/track/2wBTfYFVlhCieZQg8kfQKK'","'East Side Beat"'
"'Ride Like the Wind'","'/track/7gUMShP1l20tC0xf17Zplk'","'Christopher Cross"'
"'Les lacs du Connemara'","'/track/3vHswuqTNO0hIiW6am0tKB'","'Michel Sardou"'
"'Just Can't Get Enough'","'/track/0qi4b1l0eT3jpzeNHeFXDT'","'Depeche Mode"'
"'Enjoy the Silence'","'/track/0yp3TvJNlG50Q4tAHWNCRm'","'Depeche Mode"'
"'Cendrillon - Remasterisé en 2015'","'/track/6pioPoeoDzduvW7bOf85zR'","'Téléphone"'
"'Un autre monde - Remasterisé en 2015'","'/track/29FeY1F6cv2kvYIaqSyRmh'","'Téléphone"'
"'Somebody That I Used To Know'","'/track/1qDrWA6lyx8cLECdZE7TV7'","'Gotye"'
"'Dancing in the Moonlight'","'/track/3Fzlg5r1IjhLk2qRw667od'","'Toploader"'
"'Ma vie'","'/track/6E4JpMEk9ARfimMHaYdzN7'","'Alain Barrière"'
"'Elle était si jolie'","'/track/6m0s4XFYpE1h63NaP6hBA9'","'Alain Barrière"'
"'Rien qu'un homme'","'/track/1jhuHvrP5SL1nqI5jDiYj6'","'Alain Barrière"'
"'Je ne suis qu'un homme'","'/track/2W7bBmRuqyamSzL3s0Uhgd'","'Alain Barrière"'
"'La boîte de jazz'","'/track/74TeGcp8PfGffFx9CjR3H0'","'Michel Jonasz"'
"'Cette année-là - Woody Braun Long Dub'","'/track/6Mgowj51zxw5vkKdOvELvE'","'Claude François"'
"'Je suis malade'","'/track/4Qzdktws811tv59fMf7CBz'","'Serge Lama"'
"'Ma préférence'","'/track/3N9Vibj1SwLn4SRtWJVDVO'","'Julien Clerc"'
"'On ira tous au paradis'","'/track/1kDnZ2hXis0l0mJF2b3yss'","'Michel Polnareff"'
"'Le coeur grenadine'","'/track/2OWUD3BSV3yyuYYSpDBhwb'","'Laurent Voulzy"'
"'Je suis venu te dire que je m'en vais'","'/track/5cC9RZFMzrpbA9U1m4zSPm'","'Serge Gainsbourg"'
"'Tu t'en vas - avec Noêlle Cordier'","'/track/3JiUOcDug32xeuECY92vgq'","'Alain Barrière"'
"'Mon vieux'","'/track/5OH6HliHCEr2lBz8hulJlP'","'Daniel Guichard"'
"'Quand on arrive en ville - Remastered'","'/track/62QQEK5BZPtOw0CvrBe9ho'","'Daniel Balavoine"'
"'Il a neigé sur Yesterday'","'/track/3dbETALwLsAQtRaBRratLM'","'Marie Laforêt"'
"'La ballade des gens heureux'","'/track/0hO4TgWkyR3XiI6P3x731B'","'Gérard Lenorman"'
"'Les mots bleus'","'/track/2Desf0YgquK9YrSkRhkvDN'","'Christophe"'
"'Ce n'est rien'","'/track/0klbnFP6UwMYpUuKjhleKT'","'Julien Clerc"'
"'Gigi l'amoroso'","'/track/4ArgA1vhM4y4qSd3DvYIhy'","'Dalida"'
"'Prendre un enfant'","'/track/5ArboR4WpgNf6bClJA8Xiw'","'Yves Duteil"'
"'Qui saura'","'/track/17X2d0BXk1sgVvH94JIiOR'","'Mike Brant"'
"'So Far Away from L.A.'","'/track/4OnWd9bQcVfjo5U63SLTXQ'","'Nicolas Peyrac"'
"'Mon frère'","'/track/2lVsnnqEavjUJ4521NgdRj'","'Maxime Le Forestier"'
"'Éducation sentimentale'","'/track/7wBGD8HGW91tnIlOTxrWN2'","'Maxime Le Forestier"'
"'San Francisco'","'/track/4EucYViqJKQ4lCECHnec1P'","'Maxime Le Forestier"'
"'Juice'","'/track/0k664IuFwVP557Gnx7RhIl'","'Lizzo"'
"'Voilà c'est fini'","'/track/3KCLtcuYgPLLRJmQNXTvWR'","'Jean-Louis Aubert"'
"'Save Your Tears - Dj Remix'","'/track/1InkBimBLJ4ouHZb0nbNM9'","'DJ Remix Factory"'
"'Blinding Lights'","'/track/0VjIjW4GlUZAMYd2vXMi3b'","'The Weeknd"'
"'Save Your Tears'","'/track/45SbQo5bq8f0hNdB70IyFC'","'Boyce Avenue"'
"'Save Your Tears (Acoustic)'","'/track/1X6Kmaa2Yq70vF0cIQ6V0f'","'Milky Chance"'
"'Save Your Tears'","'/track/5QO79kh1waicV47BqGRL3g'","'The Weeknd"'
"'China Girl - 2018 Remaster'","'/track/5Ei9o2fHEnfHb84YrPuz4v'","'David Bowie"'
"'Space Oddity - 2015 Remaster'","'/track/72Z17vmmeQKAg8bptWvpVG'","'David Bowie"'
"'Grandir'","'/track/0ruriS7oaQE0j1NE0AAW3o'","'Black M"'
"'I'm Good (Blue) - Brooks Remix Extended'","'/track/6gPT9fk5VJCuuhWYaDPrYJ'","'David Guetta"'
"'Encore une fois'","'/track/1rpTEtro8eo9lcDZ2zKN16'","'Alexiane Broque"'
"'Trop bonnes'","'/track/31TWH0ExBSFWfQqEmDnLzG'","'Styleto"'
"'Mellow - Session Demo'","'/track/5lJYzT9tE2aLpiIpyV2T9v'","'Elton John"'
"'Sad Summer'","'/track/7wSqEo69azYjbGGTvac9dR'","'Lachie Gill"'
"'IF NOT FOR YOU'","'/track/5UdJ8CYTtVk5zzqhbPMA18'","'Måneskin"'
"'FEEL'","'/track/1R7F8kYZxOe1VcGCC4eYfE'","'Måneskin"'
"'GASOLINE'","'/track/5jWcNM7uHhsAj9yuypurdP'","'Måneskin"'
"'TIMEZONE'","'/track/4Tbuh5q66Ygubei5Xru4jB'","'Måneskin"'
"'GOSSIP (feat. Tom Morello)'","'/track/44Xyja7xYPlVC6v2CeweSi'","'Måneskin"'
"'SUPERMODEL'","'/track/0eJmsdfbAOM1KD0w50EhlD'","'Måneskin"'
"'Wait Any Longer'","'/track/64y5epyubKOt5IK11YDMRT'","'Balthazar"'
"'I Belong To You'","'/track/21DyCPJqQ8tzFCHJYX9Koz'","'Lenny Kravitz"'
"'Such a Shame - Original Version'","'/track/6kJmK6N95GBuZa1574EcBA'","'Talk Talk"'
"'Another One Bites The Dust - Remastered 2011'","'/track/5vdp5UmvTsnMEMESIF2Ym7'","'Queen"'
"'One Of Us'","'/track/7g5gZWKWTuS8N3OnM2g95g'","'Joan Osborne"'
"'Hot Stuff'","'/track/6RVevoPzbGygqvm6LxHAuf'","'Donna Summer"'
"'Private Dancer - Live in Arnhem'","'/track/0c0hGHCzjRMQDD32drzNJY'","'Tina Turner"'
"'Sexual Healing'","'/track/7nVzOpFNZVFZtbq3OGJHX9'","'Marvin Gaye"'
"'Don't Stop The Dance'","'/track/2bTe1fvWK8mfjSP6NqXDzU'","'Bryan Ferry"'
"'Why Does My Heart Feel So Bad?'","'/track/3W7FV7ZvsjwZUadqdFUGze'","'Moby"'
"'I'm So Excited'","'/track/5YuBiBR8UbimfymOnwxuIe'","'The Pointer Sisters"'
"'Sweet Dreams (Are Made of This) - Remastered'","'/track/1TfqLAPs4K3s2rJMoCokcS'","'Eurythmics"'
"'Dreams'","'/track/703BT1NQsfIwPFv8MXQ47m'","'Fleetwood Mac"'
"'A Whiter Shade of Pale'","'/track/0hUCj392WKPd47W8mXkJZd'","'Annie Lennox"'
"'Holding Out For A Hero'","'/track/32Sl2Phk37JbYH3Vx5DY5i'","'Bonnie Tyler"'
"'Purple Rain'","'/track/54X78diSLoUDI3joC2bjMz'","'Prince"'
"'Ashes to Ashes - 2002 Remaster'","'/track/6KIJZQKUEEgkDaDqIPKdCO'","'David Bowie"'
"'Grapefruit'","'/track/7kMERlXjdrar1DMLkrbfCf'","'Balthazar"'
"'Les démons de minuit'","'/track/3utIJ1ebqgyof7OyPLaPAg'","'Images"'
"'Lady, Lady, Lady'","'/track/5yd6YKs5GyaXKOr80K5RR6'","'Joe "'"'Bean"'"' Esposito"'
"'La salsa du démon'","'/track/5QJZ7tGZxE2azr1JiskwIw'","'Le Grand Orchestre du Splendid"'
"'La chatte à la voisine'","'/track/2DztO1ThCmrNB5wHgImuAW'","'Francky Vincent"'
"'la touche'","'/track/5WhMQCbo1VfCwXbwKDqWEl'","'LOUBA"'
"'Mon cœur'","'/track/2uuHjWY6yqEkTZMftzTCzL'","'Izïa"'
"'Can't Hold Us'","'/track/3Qpmhx8Ri7eETpzEe5EoBT'","'L.E.J"'
"'Emmène-moi (feat. L.E.J)'","'/track/7Lhv4VC1ELPUN0cFXpac5B'","'Boulevard des Airs"'
"'Evidence - 2016 Remaster'","'/track/5Z7o8zLaEBgpyOTZPp0jj9'","'Faith No More"'
"'Easy'","'/track/7AuRIq7LlhvNrNAnCmZNov'","'Faith No More"'
"'Walk Like An Egyptian (DJ ReMix) (As Made Famous by The Bangles)'","'/track/3QLbrXXW1Y5ugJMyN4xJTr'","'DJ Remix Factory"'
"'Calm Down (with Selena Gomez)'","'/track/0WtM2NBVQNNJLh6scP13H8'","'Rema"'
"'Another Love'","'/track/3JvKfv6T31zO0ini8iNItO'","'Tom Odell"'
"'Beggin''","'/track/3Wrjm47oTz2sjIgck11l5e'","'Måneskin"'
"'THE LONELIEST'","'/track/7exHT4swWOKL5addPeqkLP'","'Måneskin"'
"'Rapture - Remastered'","'/track/71B9rY4v1U2knyQTUh6uLn'","'Blondie"'
"'Rapture - K-Klassic Mix'","'/track/7BlqCxD3bhNPjB5MnUQstS'","'Blondie"'
"'Keep it Simple (feat. Mika)'","'/track/1D5609drY3JVyf48LhBDoh'","'Vianney"'
"'Sauvage - Show Me Your Wild Side'","'/track/6xV8KAwH7z7ZSliNeXtBp2'","'NEOLYS"'
"'Ma femme'","'/track/0wpjEtcUQrYA2BjRYQyQwv'","'Gaël Faye"'
"'Ain't No Mountain High Enough'","'/track/7omS1FpUWpWuZwgOIFwFmM'","'Chimène Badi"'
"'Mon chouchou'","'/track/05gG5JjRbRmDJPxGJyBWiA'","'Yanns"'
"'Ma belle'","'/track/6Q2tAQX3NboJDtNRFWO2Nk'","'Yanns"'
"'How Do I Say Goodbye'","'/track/5hnGrTBaEsdukpDF6aZg8a'","'Dean Lewis"'
"'Be Alright'","'/track/3EPXxR3ImUwfayaurPi3cm'","'Dean Lewis"'
"'All Figured Out'","'/track/6YMPLgn0nNdIxqWzOOESJP'","'Justin Hurwitz"'
"'Foule sentimentale x La vie en rose'","'/track/7s62Necl0GmbImFekn4AmI'","'L.E.J"'
"'Rendez-vous l'année prochaine'","'/track/1LC5nXDcDc5wv0ZQa1Qu86'","'47ter"'
"'I'm Good (Blue) - Acoustic'","'/track/2MV9MRVSXNTIS3ny31cx9c'","'David Guetta"'
"'Great Balls Of Fire - Live'","'/track/79iLGWV1TP277jSF8QJEo3'","'Miles Teller"'
"'Comment te dire adieu - Remasterisé en 2016'","'/track/6g5qyQrAcoBX4X7XjxBoTO'","'Françoise Hardy"'
"'Arhbo [Music from the FIFA World Cup Qatar 2022 Official Soundtrack]'","'/track/139nCjBRQCLgnWNRxBKAC7'","'Ozuna"'
"'Roule'","'/track/4aie3id34NbdlJEaWNlKyZ'","'Soprano"'
"'Oh How We Danced (Anniversary Song) - Single Version'","'/track/0zGCskQi01RC58foTMYn1A'","'Jim Capaldi"'
"'I Was Made for Lovin You'","'/track/0kkRigiX8O9ckA3dfvCx3j'","'PUR-SANG"'
"'As It Was'","'/track/4Dvkj6JhhA12EX05fT7y2e'","'Harry Styles"'
"'Clic clic pan pan'","'/track/37DnQQzvedZUOhtjEEaHQT'","'Yanns"'
"'I Ain't Worried'","'/track/73PAbYaVbnFG0tQ4aBfxeN'","'OneRepublic"'
"'Jefe'","'/track/6HTJgY7iWWlVLSDHsfHePf'","'Ninho"'
"'C'Est L'Amour'","'/track/1HegtLREINbhQIJ3OE6rGs'","'Génération 80"'
"'L'amour à la plage (with Alice on the roof)'","'/track/0n1GxWrgNWZKfmDdpuAJUf'","'Suarez"'
"'Dame un Beso'","'/track/2ALbKqUuWRDwB61bgfxsOq'","'Mathilda"'
"'Tout savoir'","'/track/5l6bU8XVnVyiTjZN7QQ2FW'","'Adé"'
"'Nougayork'","'/track/2kQOw4QEDxUkuEdeGxDqtc'","'Claude Nougaro"'
"'Ainsi soit-il - Version Piano – Voix'","'/track/4z3p8RFFxEnlKpys76hGO6'","'Louis Chedid"'
"'بلا چاو'","'/track/4H9VA6qmONAaCRv9QmgWvr'","'Yashgin Kiyani"'
"'Hold Me Closer - Joel Corry Remix'","'/track/5KbhvaeqKIB2bZcJMyfezl'","'Elton John"'
"'Ces mots sont pour toi - Version Piano – Voix'","'/track/6A92ICX8nyfvOXEXSkAm0K'","'Louis Chedid"'
"'Always On My Mind - Take 3'","'/track/7DBHT8SI35z5I8sssBJ2WP'","'Elvis Presley"'
"'Show Me Love'","'/track/4t0UsYzmmmZRMTWn77jiGF'","'Robin S"'
"'Paroles paroles'","'/track/6fUbusv9yplAi1CQB7Fjwh'","'Styleto"'
"'The More I See You'","'/track/37xDcrCMafU2TQmpl09uiy'","'Valli"'
"'Samedi Soir (Woody Braun Remix)'","'/track/46uXGOCsjNF3HNTLnD0UjM'","'Sheila"'
"'Echo'","'/track/2PH5PDWBO58MhyBfWAbJBl'","'Charlie Winston"'
"'Mirage'","'/track/3JVYNSMCMIyMUqUVGLNReb'","'Louss"'
"'Make Me Feel Good'","'/track/4CUX44NA1CPEzd0ibMLQsL'","'Belters Only"'
"'Song Sung Blue - Single Version'","'/track/4IKebG2owy6R1fujsC8YPF'","'Neil Diamond"'
"'Sweet Caroline'","'/track/62AuGbAkt8Ox2IrFFb8GKV'","'Neil Diamond"'
"'INTO MY ARMS'","'/track/7MKJv10BVcfkZSJZzOmtvI'","'Emma Hewitt"'
"'La tribu de Dana'","'/track/64gCM9yZv2jpNflclKUnXu'","'Manau"'
"'Je Me Voyais Déjà'","'/track/25bkBurd1dMv9umZOXsZDW'","'Eva sur Seine"'
"'Alone Again, Naturally'","'/track/3Y6lSk305r3ae2AhnRS6xM'","'Suss von Ahn"'
"'Couleur café'","'/track/71uuwdv4i4KZZMDpzMo7Wm'","'CHANTONS"'
"'Fly Me To The Moon'","'/track/1srLsaKmxhHpmsKlffB2lr'","'Jazzamor"'
"'Ces mots stupides'","'/track/5fgMIMbLLZC9Imj9lkHoNT'","'Jeanne Cherhal - Albin De La Simone"'
"'Windmills of Your Mind'","'/track/0y2yGMXpRsZkYCniuYse8c'","'Connie Evingson"'
"'Back to Black'","'/track/21HNK4NcDprYNT8IOXDCVG'","'Jacqui Naylor"'
"'Losing My Religion'","'/track/3zV5iYPyZUgcaFCcPem3ZN'","'Jacqui Naylor"'
"'Que reste t'il de nos amours'","'/track/7vpZfDHzXJJWGlBaH4tW35'","'Claire Chevalier"'
"'Ne Me Quitte Pas'","'/track/3Um0UpxUxyRLkyvDGjcJVK'","'Valeria Sattamini"'
"'Je suis venu te dire que je m'en vais (Album mix)'","'/track/0sjMr3hF8id9P5ZqrP4g6s'","'Monica Nogueira"'
"'Une Belle Histoire'","'/track/654RprVvr0L8l6wm7XEHci'","'Eva sur Seine"'
"'Mateya Disko'","'/track/39bDJdTmA0xCvUGJqedI6s'","'Kolinga"'
"'Ma diva'","'/track/0ErowSv7zeyI2jNf6tf21T'","'Antoine Elie"'
"'Bette Davis eyes'","'/track/31JROcspwjQFJKjg8jocYM'","'Omar Jr"'
"'Ça Va? Je T'aime! (feat. EMMANUELLE) - Playgirls from Caracas Remix'","'/track/5gKkLBDXmk54IBQBrJYk2P'","'Protopapa"'
"'Every Breath You Take'","'/track/3lrvLB1kuZ2GRmaT3UYOUy'","'REWIND BE KIND"'
"'Coup de soleil'","'/track/191MxYhNwpsVCh4Az3fkmK'","'ELISA ERKA"'
"'Shifting Paradigms'","'/track/7sWjP5RAikUWVYnZpj0qKd'","'Charlie Winston"'
"'Bruxelles je t’aime'","'/track/4sOjKbpa7RLZVRNxcO26eb'","'Angèle"'
"'Respire encore'","'/track/0n9eeQnvzmMcq0l4DeGWQH'","'Clara Luciani"'
"'Santé'","'/track/3vXnuFnC5RhPGwsFi0ORcI'","'Stromae"'
"'Amour toujours'","'/track/0Db6ejFxY0v2eIWVTNpf6J'","'Clara Luciani"'
"'Olé'","'/track/7l4o56YmVka0fzJZ9mC9vx'","'RIDSA"'
"'Magnolias for Ever - Claude François Jr. Fowever Edit'","'/track/10AuZmRN0smOnPaPT3EJkW'","'Claude François"'
"'Mélopée'","'/track/5AStcmlwresx17X6zuiz5m'","'Ezéchiel Pailhès"'
"'Can't Get You Out Of My Head'","'/track/0x9AqWWQlWpWFjJ2vnStuL'","'Tété"'
"'Fio Maravilla'","'/track/4dJzEEJ6pM3fGkhj4KLZdS'","'Yann Muller"'
"'Don't Fly Away (PNAU Remix)'","'/track/5Y9yhZwC7u5HoooVJ4fgdO'","'Elvis Presley"'
"'Chacun fait (C'qui lui plait) - Domenico Torti's Disco Vision'","'/track/27QfuXj6maKdS2RcUC55Mz'","'Chagrin D'amour"'
"'Folie vie'","'/track/2V9PjcY80PIqYXO1LpRxEp'","'Ali"'
"'If I Ever Feel Better'","'/track/3AA8xNhDC0MpqwkGX3EP5V'","'Phoenix"'
"'Kung Fu Fighting'","'/track/4mhJ5UY7hlpFZm6RtELDm1'","'Carl Douglas"'
"'Crazy'","'/track/6Vz7vzOpCwKeSQlfViibuY'","'Seal"'
"'Over My Shoulder'","'/track/0U9TKK9GYryei6Vn45TEdH'","'Mike + The Mechanics"'
"'Vanina'","'/track/6pnuVVyzmHWMJhzqh2WJlJ'","'Séverine Seba Karst"'
"'Ima'","'/track/3rIxmFbP9Vp5B51aHgJovo'","'Dadju"'
"'Suavemente'","'/track/4KHXk0rTD80mEf7bbdK29j'","'Soolking"'
"'Blesse-moi'","'/track/6nRSyu4oOed8HgcVxV1cWl'","'Therapie TAXI"'
"'Larme fatale'","'/track/72PA60hFl3IoIVjsmyuknK'","'Julien Doré"'
"'Le coup de soleil'","'/track/3hdWmLcAYfjhg5cmbKNVvR'","'Adamé"'
"'Aimer à mort'","'/track/2HENwndPLHINxHhQPMh8BE'","'Louane"'
"'Démons'","'/track/094hn3veGBdQoy3jdvO1ul'","'Angèle"'
"'Massive'","'/track/28JBD8p18xNuOfyV7Cotdn'","'Drake"'
"'Saga africa'","'/track/21qOH7BZ0S0z5j7zv3Ps5o'","'Tony Bram's"'
"'Saga Africa (ambiance secousse)'","'/track/6ouQVLPPEplvVA62uXh2ar'","'Yannick Noah"'
"'Je m'appelle Jane'","'/track/5fDSaYSBr8it2Nvs32xOvd'","'Jane Birkin"'
"'Respire'","'/track/2xcuDxTLlp0ro2GYlS1i9G'","'Mickey 3d"'
"'Émilie dansait'","'/track/31tBY3UxMHkqMlrGNxRtZd'","'Mickey 3d"'
"'Souvenirs manqués'","'/track/3uaCHAxDCMrJhyIrd18TD2'","'Grand Corps Malade"'
"'L’enfer'","'/track/7bp3zmEvpHLa0h32nhDUkB'","'Stromae"'
"'Misunderstood'","'/track/4cd2bB36S1dcP88xNZnY3p'","'Miki"'
"'Oiseau de Paradis'","'/track/2lPuLP88b7BUiJuh1jurXV'","'MONTMARTRE"'
"'Mauvaises habitudes'","'/track/0s1QWICdAhug2jCIZJ4QQZ'","'La Belle Vie"'
"'minuit'","'/track/1DHXKDRugToFO7ak3nA06L'","'Clementine"'
"'JVP'","'/track/4rg0hY2RIvnVcbQ4AoSH1T'","'Mr GISCARD"'
"'Mon coeur y va bien'","'/track/5qI3oh6jptYaTZR5fct0ZF'","'Marie-Flore"'
"'Laisse aller ton corps'","'/track/41JzI6QlUnjuSZ0u77xgSA'","'Zaoui"'
"'Comment te dire adieu - Radio Edit'","'/track/4WuA3I9YGzcnqj6w6xsSCe'","'Mosimann"'
"'Suspicious Minds'","'/track/1H5IfYyIIAlgDX8zguUzns'","'Elvis Presley"'
"'Tiny Dancer - BBC Sounds For Saturday / 29th April 1972'","'/track/338ZsfJtRNphsWMOFfKlKK'","'Elton John"'
"'Madan (King)'","'/track/0wKfshpKa7P8eUiFdNM5oS'","'Bakermat"'
"'Lossa'","'/track/2FFS6A99MRVx3TYrb8sPCq'","'Amel Bent"'
"'ON VA YEKE'","'/track/6rxmJ1ejJ0iGOrSyrraIR0'","'Black M"'
"'Coup de vieux'","'/track/63siBeZzxXVaY0uASns1V2'","'Bigflo & Oli"'
"'Get Lucky (Radio Edit) [feat. Pharrell Williams and Nile Rodgers]'","'/track/2Foc5Q5nqNiosCNqttzHof'","'Daft Punk"'
"'Against The Wind'","'/track/1SWmFiFSIBoDbQJjNKC7SR'","'Bob Seger"'
"'Walking On Sunshine'","'/track/05wIrZSwuaVWhcv5FfqeH0'","'Katrina & The Waves"'
"'Like a Hobo'","'/track/4OE2kflo6G1OEUX3ZW4hYj'","'Charlie Winston"'
"'Raggamuffin'","'/track/7gQn565GPnnoKUcKQ2FSxB'","'Selah Sue"'
"'Bye Bye'","'/track/7iRhRje7iUo99rkUo3hmGB'","'T2R"'
"'Chère amie (Toutes mes excuses)'","'/track/7mOBZM9q6nzBu2NZ9PXsYO'","'Marc Lavoine"'
"'Sur ma route'","'/track/3Uyt0WO3wOopnUBCe9BaXl'","'Black M"'
"'Cold Heart - PNAU Remix'","'/track/6zSpb8dQRaw0M1dK8PBwQz'","'Elton John"'
"'Save Room'","'/track/3sTc75CCyIw4FPs6cXkOe7'","'John Legend"'
"'On a déjà'","'/track/3Z14EDxG2mi7ubwf3rpQna'","'Hollydays"'
"'Friendzone'","'/track/1SleV1sFp1tBofNKDJHI95'","'Therapie TAXI"'
"'Salop(e)'","'/track/2K9mcH5jYpO88m1nv8fGTf'","'Therapie TAXI"'
"'Eté 90'","'/track/1p9dxTMtG4gZpLp7yzvT54'","'Therapie TAXI"'
"'Hit Sale'","'/track/3yndKI4zWEyC36BQYrdKBA'","'Therapie TAXI"'
"'Voyage'","'/track/0hyFjijTPODqLkgz6arzMY'","'Taxi 404"'
"'Ma vitesse'","'/track/52LC0uxDKxB6gd0NcBzg9n'","'Taxi 404"'
"'Soleil'","'/track/4VgG9tlvG7ZraBwzWWUERY'","'Taxi 404"'
"'L'odeur des joints'","'/track/57c8Is85sPYo90OSyXemDW'","'Hollydays"'
"'Aline'","'/track/2GdQWH8tkjfX9V4Ay296PE'","'Therapie TAXI"'
"'Uptown Funk (feat. Bruno Mars)'","'/track/32OlwWuMpZ6b0aN2RZOeMS'","'Mark Ronson"'
"'That's What I Like'","'/track/0KKkJNfGyhkQ5aFogxQAPU'","'Bruno Mars"'
"'Just the Way You Are'","'/track/7BqBn9nzAq8spo5e7cZ0dJ'","'Bruno Mars"'
"'Treasure'","'/track/55h7vJchibLdUkxdlX3fK7'","'Bruno Mars"'
"'24K Magic'","'/track/6b8Be6ljOzmkOmFslEb23P'","'Bruno Mars"'
"'Arc-en-ciel'","'/track/4Xxm7QcK7J6D4T0573LleL'","'Polo & Pan"'
"'Killing Me Softly With His Song'","'/track/0Q0IVlqMV64kNLlwjPj0Hl'","'Fugees"'
"'No Woman, No Cry'","'/track/5bUVHuzQh5mkvMPjUU074i'","'Fugees"'
"'Ready or Not'","'/track/3vZO25GdYuqFrR1kzZADnp'","'Fugees"'
"'Lost In Space'","'/track/3m7UonJcH2Bi0UN3ZEoEOV'","'Lighthouse Family"'
"'Ocean Drive'","'/track/6jHBlKpIKNflU51QlsJx3v'","'Lighthouse Family"'
"'High'","'/track/0AQHfKjzky28rf5ytfBANJ'","'Lighthouse Family"'
"'Something Got Me Started - 2008 Remaster'","'/track/0DJnqFhVWoTDs58JPem5Zh'","'Simply Red"'
"'Holding Back the Years - 2008 Remaster'","'/track/1yg7fwwYmx9DQ2TdXUmfpJ'","'Simply Red"'
"'Stars'","'/track/75CgD6l7K4qMzZrn4CbZqz'","'Simply Red"'
"'Adore You'","'/track/3jjujdWJ72nww5eGnfs2E7'","'Harry Styles"'
"'Watermelon Sugar'","'/track/6UelLqGlWMcVH1E5c4H7lY'","'Harry Styles"'
"'Le G'","'/track/6HEjBgWcAdBXMZf4JU2a1v'","'Christine and the Queens"'
"'Coco Câline'","'/track/3ZF9W9EJ5NkqbxH6sjvEoJ'","'Julien Doré"'
"'Girlfriend'","'/track/3dWRcazAn4jN75zh3VKyI6'","'Christine and the Queens"'
"'Non non non (Ecouter Barbara)'","'/track/6M6jVoM0ULQ2P12iQg1BOc'","'Camélia Jordana"'
"'Christine'","'/track/6tNDVXXaYWsBd3Mqhfelvl'","'Christine and the Queens"'
"'Porto-Vecchio'","'/track/46PIncJ42Zirjj01wSru2y'","'Julien Doré"'
"'La grenade'","'/track/7ixCRBD0FZMRBeOBhTu2KD'","'Clara Luciani"'
"'3SEX'","'/track/15rbohvA7sY5AMoD3gMMFo'","'Indochine"'
"'Le lac'","'/track/0fQIB0rVuLNDNlq3B0hij9'","'Julien Doré"'
"'Tilted'","'/track/2ILilOGEh31uHITYFazrLM'","'Christine and the Queens"'
"'Sultans Of Swing'","'/track/37Tmv4NnfQeb0ZgUC4fOJj'","'Dire Straits"'
"'Summer Breeze'","'/track/01UYpHuzHi4eB9PAbDoPY2'","'Seals and Crofts"'
"'Money'","'/track/0vFOzaXqZHahrZp6enQwQb'","'Pink Floyd"'
"'(I Can't Get No) Satisfaction - Mono Version'","'/track/2PzU4IB8Dr6mxV3lHuaG34'","'The Rolling Stones"'
"'Paint It, Black'","'/track/63T7DJ1AFDD6Bn8VzG6JE8'","'The Rolling Stones"'
"'Sympathy For The Devil - 50th Anniversary Edition'","'/track/1Ud6moTC0KyXMq1Oxfien0'","'The Rolling Stones"'
"'Knockin' On Heaven's Door'","'/track/6HSXNV0b4M4cLJ7ljgVVeh'","'Bob Dylan"'
"'Hurricane'","'/track/1lqMLr9Wj7SM2F9AikGcxN'","'Bob Dylan"'
"'Blowin' in the Wind'","'/track/18GiV1BaXzPVYpp9rmOg0E'","'Bob Dylan"'
"'One More Cup of Coffee'","'/track/4WOruM7TiQSETsWYy8bDSX'","'Bob Dylan"'
"'Stay - Remastered'","'/track/5eMjcHVRRh1tbimTgJPoGn'","'Jackson Browne"'
"'The Load-Out - Remastered'","'/track/75Cc2encvSkQ5OnDgAfJaV'","'Jackson Browne"'
"'She Was Waiting For Her Mother At The Station In Torino And You Know I Love You Baby But It's Getting Too Heavy To Laugh'","'/track/367Cc35n6k2VGB84sOBIsz'","'Shawn Phillips"'
"'Goodbye, I Love You'","'/track/6OSsWmiGdlvrGssxpENQth'","'Firefall"'
"'Strange Way'","'/track/7rUJeKMV1KW64EBcwHYJ5P'","'Firefall"'
"'Just Remember I Love You'","'/track/2u8DFrCzgVuviSHB6RCEIO'","'Firefall"'
"'Love Is the Answer - Single Version'","'/track/7xKGghZ59EGUT0Ft9BRVMr'","'England Dan & John Ford Coley"'
"'We'll Never Have to Say Goodbye Again - Single Version'","'/track/7gfF9nA0mUeaRCPE5ezZLj'","'England Dan & John Ford Coley"'
"'I'd Really Love to See You Tonight'","'/track/2r008pcfVYc0zgQvSRqUJE'","'England Dan & John Ford Coley"'
"'Rapper's Delight - Single Version'","'/track/0tm6gsXe0LSm9zeSspyMQu'","'The Sugarhill Gang"'
"'Allez reste (feat. Vianney)'","'/track/1QjKfNGfDuMiVuF8x7cj0R'","'Boulevard des Airs"'
"'Chacun fait ce qui lui plait - Maxi Edit'","'/track/0dbTUAM3JdlTPDnCm6xXWz'","'DJ Daddy K"'
"'On s'attache'","'/track/4E8hgGDOwG5CpiEke6qZMT'","'Christophe Maé"'
"'Foule sentimentale'","'/track/2W4ZxAHZAXOf6r65pCskGR'","'Alain Souchon"'
"'Rockollection'","'/track/1jL4dBrmBpkAwxiMFzHulz'","'Laurent Voulzy"'
"'Pour un flirt'","'/track/0RDUfBXGq7lhBAqlyu0UAy'","'Michel Delpech"'
"'En apesanteur - Single Version'","'/track/2LhNDiFrrPB3W3eha3fbOg'","'Calogero"'
"'Désenchantée'","'/track/3Znw6uf5RObcwcXK7DDuyq'","'Mylène Farmer"'
"'J'ai demandé à la lune'","'/track/2QSAj76Ba6aMFX9RlXdUdO'","'Indochine"'
"'Caravane'","'/track/2UXjdnCvgGGIXLrAwCVVQT'","'Raphaël"'
"'L'autre Finistère'","'/track/52HvgVp1SYmeCt9iS5w8Em'","'Les Innocents"'
"'L'aventurier'","'/track/2UC5XnHA1Wn9FjQmbjNca9'","'Indochine"'
"'Non non non non (Je ne suis plus saoul)'","'/track/1X4Q5Pl7oCDp8oDoZgQJGj'","'Miossec"'
"'J'aime regarder les filles'","'/track/2EdsD7nEloe5ynu6zlaUqI'","'Patrick Coutin"'
"'Sous le soleil de Bodega'","'/track/009RK7haVVIsa0seuyNSFR'","'Les Négresses Vertes"'
"'Embrasse moi idiot - .'","'/track/418hg3W91QSVSI7S6l3baJ'","'Bill Baxter"'
"'Elle préfère l'amour en mer'","'/track/5ZhLMUNyZWRjVWwHKDNF6H'","'Philippe Lavil"'
"'Sans contrefaçon - Girl Remix'","'/track/5Yes6Ksaofte9jmQqUy0Gp'","'Mylène Farmer"'
"'Bal de Bamako (Live)'","'/track/5kZMZVMZ3JcSzSroTcOHfd'","'-M-"'
"'Jumpin' Jack Flash'","'/track/4MROLfvNGAu9zAfrq0pIJ2'","'The Rolling Stones"'
"'Your Song'","'/track/38zsOOcu31XbbYj9BIPUF1'","'Elton John"'
"'Rocket Man (I Think It's Going To Be A Long, Long Time)'","'/track/3gdewACMIVMEWVbyb8O9sY'","'Elton John"'
"'Solar Prestige A Gammon - Remastered 1995'","'/track/3UJk8PdILcCkBPFvN0Ox15'","'Elton John"'
"'Dimanche soir'","'/track/6ygvaJ0hzafjssJj11ReOg'","'Grand Corps Malade"'
"'Vertige de l'amour'","'/track/4JhUljpTRmzjzlXGXNpt76'","'Alain Bashung"'
"'Léa'","'/track/709Vk4ahhCM6ENgRVTTYw6'","'Louise Attaque"'
"'J't'emmène au vent'","'/track/0Wr98MVkENZXddiLB3bPb0'","'Louise Attaque"'
"'Place des grands hommes'","'/track/20RHWjtCLr7ODGQEItdZXg'","'Patrick Bruel"'
"'Dès que le vent soufflera'","'/track/5FjHng35NjhGvOeAKWmyFk'","'Jean-Louis Aubert"'
"'Le dîner'","'/track/3OK8lPgSMxSLNEQjzCxQXj'","'Bénabar"'
"'Elle m'a dit'","'/track/631aobaJggPYE0nIh3mo2t'","'Cali"'
"'Femme Like U - Back dans les Bacs!'","'/track/0KHNjuITPH4udiyFXDciQp'","'Cœur De Pirate"'
"'Comme ci, comme ça'","'/track/4C7B6QzTrus1KdudRV2xZV'","'Zaz"'
"'Éblouie par la nuit'","'/track/5IpgXFFwZP20UeG7JXg5SP'","'Zaz"'
"'On ira'","'/track/3Uh91cb07uPW9Qs7n53qtn'","'Zaz"'
"'Je veux'","'/track/734dz1YaFITwawPpM25fSt'","'Zaz"'
"'Avenir'","'/track/5MtzlELTZJtuXzFZGtUeun'","'Louane"'
"'Donne-moi ton cœur'","'/track/5amRIQxQgERN9wI1oMuRgw'","'Louane"'
"'Moi Lolita'","'/track/7eQgjvyKbpBE7ZPPVfJtyv'","'Julien Doré"'
"'Paris-Seychelles'","'/track/4xSZWcXvu6w4I3dQyQ7QND'","'Julien Doré"'
"'Chou Wasabi - Piano-voix'","'/track/5SRkBgcY6P7gx4qxYSh0fc'","'Julien Doré"'
"'Chou wasabi (feat. Micky Green)'","'/track/1mZbP5dp7CAU2qZI2I6OiV'","'Julien Doré"'
"'Je te pardonne - Pilule bleue'","'/track/0rW2zkF5emSVSowtKOP2Fj'","'GIMS"'
"'Je te pardonne (feat. Sia) - Pilule bleue'","'/track/6ftEA8CwMP4vtlL7F6VKsj'","'GIMS"'
"'La même'","'/track/7HK0UeyxUWJjc6ndRZVKFg'","'GIMS"'
"'Pas là'","'/track/5tH17ViBhkXSIc5g3c4x2N'","'Vianney"'
"'Moi aimer Toi'","'/track/0mbT71B8hMCbdKEf3Q1kh8'","'Vianney"'
"'Je m'en vais'","'/track/2Vd1vVQaBilW0O6nmU5BkH'","'Vianney"'
"'J'me tire'","'/track/4w47YE9rjhmZUdtZjSCb82'","'GIMS"'
"'Sapés comme jamais (feat. Niska) - Pilule bleue'","'/track/0CJ31BEjjl1tPIj0CKi9kH'","'GIMS"'
"'Est-ce que tu m'aimes ? - Pilule bleue'","'/track/3a9TMd2Yrza6HXqqlfMtfy'","'GIMS"'
"'JUSQU'ICI TOUT VA BIEN'","'/track/2hFppsmIR9iHc5xLtscFN7'","'GIMS"'
"'Fais comme l'oiseau'","'/track/4r5GDJ5lREvWNK9mSP9nRN'","'Le meilleur des années CBS"'
"'Attention Mesdames et Messieurs'","'/track/1v7ctPkzk1G3LXNhisLpvO'","'Fais comme l'oiseau"'
"'Fais comme l'oiseau'","'/track/725PsGr5yXLJl8uENrVXPa'","'Fais comme l'oiseau"'
"'Une belle histoire'","'/track/5oxKrYimzs8AZp8lkoar6V'","'Fais comme l'oiseau"'
"'Il y a du soleil sur la France (Live)'","'/track/6b9Fy4K7zMFdhaVX8wMcgn'","'Deluxe: Les grands succès en public (Live)"'
"'Made in Normandie (Live)'","'/track/5ev7Kaalqv9l2zAKrewJVH'","'Deluxe: Les grands succès en public (Live)"'
"'L'avventura'","'/track/3pvldjUliQDsYkfsKWFjYI'","'Age tendre... La tournée des idoles, Vol. 2: La magie des années 60-70"'
"'The Boy Is Mine'","'/track/6sHsXIJoEN5JpdkGMQDJxt'","'Never Say Never"'
"'Je viens dîner ce soir'","'/track/6lwypcbkt0dUL5IZpaMTH7'","'Je viens dîner ce soir"'
"'J'attendrai'","'/track/6yPVqp3Nt2mFzvdExaIWP9'","'Hommages"'
"'Le lundi au soleil'","'/track/47IaFTwoFbuMJd2sL1ZfMt'","'Les Plus Belles Chansons De Claude François"'
"'Les moulins de mon cœur'","'/track/1hB5gOQQv3SihLzWw4Gv4c'","'Un monde de musique"'
"'Alexandrie Alexandra'","'/track/0VLXNg5Eoq6uv9Yn1Tz8WE'","'Claude François - 100% concert"'
"'Belles belles belles'","'/track/1Q6j1dx7pXzuLZLAexFWuQ'","'Hommages"'
"'Même si tu revenais'","'/track/5Cx0tQSHJp1sy8ZvT0z6hy'","'Hommages"'
"'Chanson populaire (Ça s'en va et ça revient)'","'/track/6xuxkfM6waS1sCubmjJtCl'","'Chanson populaire"'
"'Comme d'habitude'","'/track/11FBMKhiuYT4doKhC4p3i6'","'Hommages"'
"'Si j'avais un marteau'","'/track/3Dv66cTMtYtWNI6c0vxKjp'","'Hommages"'
"'She's A Lady'","'/track/5JnHzjo25FY1fMQMQVOawB'","'Tom Jones Sings She's A Lady"'
"'Sexbomb'","'/track/7GHKA8GIMcND6c5nN1sFnD'","'Reload"'
"'It's Not Unusual'","'/track/3TlIt0ReIxPsVZcOEivT5U'","'Along Came Jones"'
"'Wherever You Will Go'","'/track/5QpaGzWp0hwB5faV8dkbAz'","'Camino Palmero"'
"'Girl, You'll Be a Woman Soon'","'/track/1mSzuXVjjKC0bPh6iG6xjy'","'Stull"'
"'Love Of My Life - Remastered 2011'","'/track/4YJUTdZ0Pgl0ZeNyHYXeLd'","'A Night At The Opera (Deluxe Edition 2011 Remaster)"'
"'Against the Wind'","'/track/3Q3R4fUAI7Lz1PEowFjK11'","'Highwayman"'
"'Hit the Road Jack'","'/track/5dUMh0ugelpKfoFp3qChuK'","'True Genius"'
"'Let The Music Play - Single Version'","'/track/75pBjCi8cxfkp4xd68uo6O'","'Let The Music Play (Expanded Edition)"'